{"n_params": 10646784, "attention_order": 3, "_timestamp": 1726078579.439097, "_runtime": 0.5737779140472412, "_step": 0, "_wandb": {"runtime": 4}}