{"n_params": 10646784, "attention_order": 3, "_timestamp": 1726077094.0266597, "_runtime": 0.5942478179931641, "_step": 0, "_wandb": {"runtime": 0}}