{"n_params": 10646784, "attention_order": 3, "_timestamp": 1726078982.2307017, "_runtime": 167.67062377929688, "_step": 40, "iter": 95, "train/loss": 2.566272735595703, "val/loss": 2.6818137168884277, "lr": 0.00095, "mfu": 0.00011257682427514025, "_wandb": {"runtime": 168}}