{"n_params": 10646784, "attention_order": 3, "_timestamp": 1726078705.2798796, "_runtime": 0.8047006130218506, "_step": 0, "_wandb": {"runtime": 0}}