{"n_params": 9768960, "attention_order": 3, "_timestamp": 1726078209.165392, "_runtime": 0.562579870223999, "_step": 0, "_wandb": {"runtime": 0}}