{"n_params": 24627840, "attention_order": 3, "_timestamp": 1726111057.2791715, "_runtime": 19210.488817453384, "_step": 3904, "iter": 3887, "train/loss": 0.014089786447584629, "val/loss": 0.6907814145088196, "lr": 0.0002097924877003362, "mfu": 0.0004604133993644115}