{"n_params": 10646784, "attention_order": 3, "_timestamp": 1726076932.238211, "_runtime": 0.6258318424224854, "_step": 0, "_wandb": {"runtime": 0}}