{"n_params": 29938560, "attention_order": 3, "_timestamp": 1726072139.9800594, "_runtime": 0.612701416015625, "_step": 0, "_wandb": {"runtime": 0}}