{"n_params": 24627840, "attention_order": 3, "_timestamp": 1726140151.646985, "_runtime": 10325.356393098831, "_step": 2893, "iter": 2880, "train/loss": 0.021884914487600327, "val/loss": 0.8498755097389221, "lr": 0.00010379696917196377, "mfu": 0.0005687024241730476}