{"n_params": 24627840, "attention_order": 3, "_timestamp": 1726140486.4852462, "_runtime": 10660.194654226303, "_step": 2994, "iter": 2981, "train/loss": 0.021721702069044113, "val/loss": 0.8498755097389221, "lr": 0.00010009531870579608, "mfu": 0.000728636020430615}