{"n_params": 24627840, "attention_order": 3, "_timestamp": 1726140396.3342884, "_runtime": 10570.043696403503, "_step": 2965, "iter": 2952, "train/loss": 0.01982087641954422, "val/loss": 0.8498755097389221, "lr": 0.00010060823426678002, "mfu": 0.0008864692905310651}