{"n_params": 24627840, "attention_order": 3, "_timestamp": 1726140108.6169188, "_runtime": 10282.326326847076, "_step": 2882, "iter": 2869, "train/loss": 0.021396685391664505, "val/loss": 0.8498755097389221, "lr": 0.00010452376324599371, "mfu": 0.0006555686469806432}