{"n_params": 24627840, "attention_order": 3, "_timestamp": 1726140027.5921261, "_runtime": 10201.301534175873, "_step": 2859, "iter": 2846, "train/loss": 0.028065938502550125, "val/loss": 0.8498755097389221, "lr": 0.00010624770046930387, "mfu": 0.0005938701628071612}