{"n_params": 24627840, "attention_order": 3, "_timestamp": 1726140720.9461143, "_runtime": 10894.655522346497, "_step": 3014, "iter": 3000, "train/loss": 0.025218047201633453, "val/loss": 0.856182873249054, "lr": 0.0001, "mfu": 0.0005980675416337248, "_wandb": {"runtime": 10894}}