{"n_params": 24627840, "attention_order": 3, "_timestamp": 1726140496.4775279, "_runtime": 10670.186935901642, "_step": 2997, "iter": 2984, "train/loss": 0.01866941899061203, "val/loss": 0.8498755097389221, "lr": 0.00010006759512259575, "mfu": 0.0007297044540345416}