{"n_params": 24627840, "attention_order": 3, "_timestamp": 1726140551.0174692, "_runtime": 10724.726877212524, "_step": 3012, "iter": 2999, "train/loss": 0.015615846961736679, "val/loss": 0.8498755097389221, "lr": 0.0001000002640500325, "mfu": 0.0006632204565786205}