{"n_params": 10646784, "attention_order": 3, "_timestamp": 1726077162.1244147, "_runtime": 0.564673662185669, "_step": 0, "_wandb": {"runtime": 0}}