{"n_params": 9768960, "attention_order": 3, "_timestamp": 1726077814.639868, "_runtime": 0.6058320999145508, "_step": 0, "_wandb": {"runtime": 0}}