{"n_params": 10646784, "attention_order": 3, "_timestamp": 1726074844.417156, "_runtime": 420.44313192367554, "_step": 48, "iter": 235, "train/loss": 2.019240140914917, "val/loss": 2.115690231323242, "lr": 0.0009983154399651017, "_wandb": {"runtime": 424}}