{"n_params": 123587328, "attention_order": 3, "_timestamp": 1726082173.6756718, "_runtime": 0.5616228580474854, "_step": 0, "_wandb": {"runtime": 0}}