{"n_params": 10646784, "attention_order": 3, "_timestamp": 1726080126.890096, "_runtime": 1131.2720079421997, "_step": 10, "iter": 20, "train/loss": 2.7942686080932617, "val/loss": 2.7000701427459717, "lr": 0.0002, "mfu": 6.668334554423008e-05, "_wandb": {"runtime": 1309}}