{"n_params": 10646784, "attention_order": 3, "_timestamp": 1726074089.929181, "_runtime": 195.42910408973694, "_step": 2, "iter": 250, "train/loss": 1.961413860321045, "val/loss": 2.0541043281555176, "lr": 0.0009979206008271391, "_wandb": {"runtime": 236}}