{"n_params": 9768960, "attention_order": 3, "_timestamp": 1726077885.2068026, "_runtime": 0.569145679473877, "_step": 0, "_wandb": {"runtime": 0}}