{"n_params": 24185472, "attention_order": 2, "_timestamp": 1726122226.4351902, "_runtime": 1125.8875002861023, "_step": 5022, "iter": 5000, "train/loss": 2.600438356399536, "val/loss": 6.198629379272461, "lr": 0.0001, "mfu": 0.008201218638136037, "_wandb": {"runtime": 1125}}