{"n_params": 24627840, "attention_order": 3, "_timestamp": 1726091777.0780694, "_runtime": 1896.4980783462524, "_step": 230, "iter": 114, "train/loss": 5.319460868835449, "val/loss": 5.503172874450684, "lr": 0.0005999891233661351, "mfu": 0.00010040957281374447, "_wandb": {"runtime": 1912}}