{"n_params": 24627840, "attention_order": 3, "_timestamp": 1726129745.2683942, "_runtime": 6213.802923202515, "_step": 1318, "iter": 1311, "train/loss": 2.4552242755889893, "val/loss": 4.513772487640381, "lr": 0.0006652124120695781, "mfu": 0.0006358391459794701, "_wandb": {"runtime": 6216}}