{"n_params": 10646784, "attention_order": 3, "_timestamp": 1726077177.7381773, "_runtime": 0.6260392665863037, "_step": 0, "_wandb": {"runtime": 0}}