{"n_params": 10646784, "attention_order": 3, "_timestamp": 1726081661.1445444, "_runtime": 825.846515417099, "_step": 31, "iter": 15, "train/loss": 2.8520925045013428, "val/loss": 2.8630456924438477, "lr": 0.00015, "mfu": 5.94882301891015e-05, "_wandb": {"runtime": 838}}