{"n_params": 9768960, "attention_order": 3, "_timestamp": 1726077937.2186418, "_runtime": 0.5463767051696777, "_step": 0, "_wandb": {"runtime": 0}}