{"n_params": 10646784, "attention_order": 3, "_timestamp": 1726076784.478734, "_runtime": 789.6226029396057, "_step": 170, "iter": 420, "train/loss": 2.4032387733459473, "val/loss": 2.414407730102539, "lr": 0.0009905623006745317, "mfu": 0.0100453848707459, "_wandb": {"runtime": 792}}