{"n_params": 10646784, "attention_order": 3, "_timestamp": 1726075975.7433784, "_runtime": 769.0728123188019, "_step": 220, "iter": 545, "train/loss": 1.5396822690963745, "val/loss": 1.67062246799469, "lr": 0.0009818087669168194, "mfu": 0.010604528926236749, "_wandb": {"runtime": 769}}