{"n_params": 123587328, "attention_order": 3, "_timestamp": 1726082154.703509, "_runtime": 0.8657619953155518, "_step": 0, "_wandb": {"runtime": 0}}